Archetype Name,Scryfall Tagger Category,Exact Tagger Tag,Scryfall Search Syntax,Tag Description,Tagging Count,Match Type,Requested Tag
Tokens (Go-Wide),Core Mechanic,repeatable-creature-tokens,otag:repeatable-creature-tokens,Repeatable creature-token generators — the engine of go-wide.,1449,exact,
Tokens (Go-Wide),Core Mechanic,synergy-token,otag:synergy-token,Cards that explicitly care about tokens.,105,exact,
Tokens (Go-Wide),Core Mechanic,synergy-token-creature,otag:synergy-token-creature,Cards that care about creature tokens specifically.,111,exact,
Tokens (Go-Wide),Core Mechanic,token-doubler,otag:token-doubler,Parallel Lives / Anointed Procession style doublers.,18,exact,
Tokens (Go-Wide),Core Mechanic,convoke,otag:convoke,Tap creatures (often tokens) to help cast spells.,111,exact,
Tokens (Go-Wide),Payoff,anthem,otag:anthem,Team-wide +N/+N buffs that scale with board width.,469,exact,
Tokens (Go-Wide),Payoff,warlord,otag:warlord,P/T equal to creature count.,71,exact,
Tokens (Go-Wide),Payoff,overrun,otag:overrun,Finishers that grant trample and a large pump.,80,exact,
Tokens (Go-Wide),Payoff,tokenfall,otag:tokenfall,Triggers when tokens enter.,20,exact,
Tokens (Go-Wide),Enabler,young-pyromancer-ability,otag:young-pyromancer-ability,Cast-instant/sorcery → create a creature token.,37,exact,
Tokens (Go-Wide),Enabler,token-increaser,otag:token-increaser,Effects that increase the number of tokens created.,15,exact,
Tokens (Go-Wide),Win Condition,gives-haste,otag:gives-haste,Haste so freshly made tokens can attack.,628,exact,
Tokens (Go-Wide),Win Condition,gives-trample,otag:gives-trample,Trample to push wide boards through blockers.,455,exact,
Tokens (Go-Wide),Synergy,sacrifice-outlet,otag:sacrifice-outlet,Sac outlets convert excess tokens into value.,0,exact,
Tokens (Go-Wide),Synergy,death-trigger,otag:death-trigger,Death triggers turn traded tokens into advantage.,584,exact,
Tokens (Go-Wide),Synergy,affinity-for-tokens,otag:affinity-for-tokens,Affinity / cost reduction for tokens.,1,exact,
Combo,Core Mechanic,tutor,otag:tutor,Tutors assemble combo pieces.,0,exact,
Combo,Core Mechanic,ritual,otag:ritual,Mana rituals accelerate combos.,67,exact,
Combo,Core Mechanic,untapper,otag:untapper,Untappers enable infinite mana / activated-ability loops.,0,exact,
Combo,Core Mechanic,alternate-win-condition,otag:alternate-win-condition,Explicit alternate win conditions (often combo payoffs).,83,exact,
Combo,Payoff,extra-turn,otag:extra-turn,Extra-turn effects as combo finishers or enablers.,64,exact,
Combo,Payoff,storm-count-matters,otag:storm-count-matters,Storm-count payoffs for spell-based combos.,28,exact,
Combo,Enabler,cost-reducer,otag:cost-reducer,Cost reduction makes combo lines cheaper.,155,exact,
Combo,Enabler,mana-rock,otag:mana-rock,Mana rocks for colorless acceleration.,109,exact,
Combo,Enabler,mana-dork,otag:mana-dork,Mana dorks for green acceleration.,447,exact,
Combo,Enabler,bottomless-mana-sink,otag:bottomless-mana-sink,Infinite-mana sinks that convert mana into a win.,778,exact,
Combo,Protection,gives-hexproof,otag:gives-hexproof,Protect combo pieces.,161,exact,
Combo,Protection,counterspell,otag:counterspell,Interaction to protect the combo turn.,97,exact,
Combo,Synergy,copy,otag:copy,Copy effects can duplicate combo pieces or spells.,7,exact,
Combo,Synergy,recursion,otag:recursion,Recursion recovers combo pieces from the yard.,0,exact,
Control/Pillowfort,Core Mechanic,pillowfort,otag:pillowfort,Tax / disincentive effects that discourage attacks at you.,19,exact,
Control/Pillowfort,Core Mechanic,tax,otag:tax,Resource taxes when opponents try to do things.,1,exact,
Control/Pillowfort,Core Mechanic,tax-attack,otag:tax-attack,Costs to attack — classic pillowfort.,40,exact,
Control/Pillowfort,Core Mechanic,cast-tax,otag:cast-tax,Taxes on casting spells.,17,exact,
Control/Pillowfort,Core Mechanic,counterspell,otag:counterspell,Hard permission.,97,exact,
Control/Pillowfort,Core Mechanic,removal,otag:removal,Spot and flexible removal.,0,exact,
Control/Pillowfort,Core Mechanic,sweeper,otag:sweeper,Board wipes (Scryfall aliases include board-wipe / boardwipe).,740,exact,
Control/Pillowfort,Payoff,fog,otag:fog,Prevent combat damage for a turn.,36,exact,
Control/Pillowfort,Payoff,pseudo-fog,otag:pseudo-fog,Fog-like combat shutdowns.,75,exact,
Control/Pillowfort,Payoff,damage-prevention,otag:damage-prevention,Prevent damage effects.,372,exact,
Control/Pillowfort,Enabler,draw-engine,otag:draw-engine,Card advantage engines to outgrind the table.,1500,exact,
Control/Pillowfort,Enabler,spot-removal,otag:spot-removal,Efficient single-target removal.,4988,exact,
Control/Pillowfort,Protection,gives-player-hexproof,otag:gives-player-hexproof,Player hexproof / shroud-style protection.,23,exact,
Control/Pillowfort,Win Condition,alternate-win-condition,otag:alternate-win-condition,Slow alternate wins while locked down.,83,exact,
Control/Pillowfort,Synergy,hatebear,otag:hatebear,Low-curve hate creatures that lock lines of play.,65,exact,
Control/Pillowfort,Synergy,lockdown-creature,otag:lockdown-creature,Keep opposing creatures tapped / locked.,107,exact,
Artifacts,Core Mechanic,synergy-artifact,otag:synergy-artifact,Cards that care about artifacts.,708,exact,
Artifacts,Core Mechanic,mana-rock,otag:mana-rock,Mana rocks — the backbone of artifact decks.,109,exact,
Artifacts,Core Mechanic,affinity,otag:affinity,Affinity for artifacts.,0,exact,
Artifacts,Core Mechanic,metalcraft,otag:metalcraft,Metalcraft thresholds.,40,exact,
Artifacts,Payoff,cranial-plating,otag:cranial-plating,Buffs based on artifact / equipment count.,26,exact,
Artifacts,Payoff,animate-artifact,otag:animate-artifact,Turn artifacts into creatures.,77,exact,
Artifacts,Enabler,tutor-artifact-equipment,otag:tutor-artifact-equipment,Tutors for equipment (often artifact packages).,21,exact,
Artifacts,Enabler,improvise,otag:improvise,Improvise as an artifact-casting enabler.,24,exact,
Artifacts,Enabler,imprint,otag:imprint,Imprint value engines.,94,exact,
Artifacts,Win Condition,repeatable-artifact-tokens,otag:repeatable-artifact-tokens,"Repeatable artifact-token makers (Clues, Treasures, etc.).",174,exact,
Artifacts,Synergy,sacrifice-outlet-artifact,otag:sacrifice-outlet-artifact,Artifact sac outlets.,304,exact,
Artifacts,Synergy,cost-reducer,otag:cost-reducer,Cost reduction for expensive artifact payoffs.,155,exact,
Landfall,Core Mechanic,landfall,otag:landfall,Landfall triggers — defining mechanic.,222,exact,
Landfall,Core Mechanic,land-ramp,otag:land-ramp,Ramp that puts lands onto the battlefield.,489,exact,
Landfall,Core Mechanic,lands-matter,otag:lands-matter,Cards that care about lands generally.,102,exact,
Landfall,Core Mechanic,land-count-matters,otag:land-count-matters,Payoffs for high land counts.,91,exact,
Landfall,Core Mechanic,extra-land,otag:extra-land,Extra land drops per turn.,36,exact,
Landfall,Enabler,fetchland,otag:fetchland,Fetchlands that trigger landfall repeatedly.,17,exact,
Landfall,Enabler,multi-land-ramp,otag:multi-land-ramp,Ramp that nets multiple lands.,163,exact,
Landfall,Enabler,ramp,otag:ramp,General ramp effects.,558,exact,
Landfall,Payoff,landfall-other,otag:landfall-other,Landfall-like triggers on others' lands / variants.,28,exact,
Landfall,Payoff,tokenfall,otag:tokenfall,Token ETBs often paired with landfall token makers.,20,exact,
Landfall,Win Condition,gives-haste,otag:gives-haste,Haste for landfall creature tokens.,628,exact,
Landfall,Synergy,mana-dork,otag:mana-dork,Early mana to accelerate land drops and payoffs.,447,exact,
Graveyard/Reanimator,Core Mechanic,reanimate,otag:reanimate,Put creatures from graveyard onto the battlefield.,11,exact,
Graveyard/Reanimator,Core Mechanic,recursion,otag:recursion,Return cards from graveyard to hand / battlefield.,0,exact,
Graveyard/Reanimator,Core Mechanic,castable-from-graveyard,otag:castable-from-graveyard,Flashback and other cast-from-yard effects.,403,exact,
Graveyard/Reanimator,Core Mechanic,synergy-graveyard-cast,otag:synergy-graveyard-cast,Payoffs for casting from the graveyard.,45,exact,
Graveyard/Reanimator,Core Mechanic,graveyard-fuel,otag:graveyard-fuel,Fill the graveyard intentionally.,181,exact,
Graveyard/Reanimator,Enabler,mill-self,otag:mill-self,Self-mill to fuel the yard (alias: self-mill).,334,exact,
Graveyard/Reanimator,Enabler,discard-outlet,otag:discard-outlet,Discard outlets to pitch reanimation targets.,490,exact,
Graveyard/Reanimator,Enabler,surveil,otag:surveil,Surveil as selective self-mill.,292,exact,
Graveyard/Reanimator,Payoff,regrowth,otag:regrowth,Return cards from yard to hand.,36,exact,
Graveyard/Reanimator,Payoff,delve,otag:delve,Exile yard cards to help cast spells.,30,exact,
Graveyard/Reanimator,Payoff,persist,otag:persist,Persist recursion loops.,26,exact,
Graveyard/Reanimator,Synergy,death-trigger,otag:death-trigger,Death triggers in reanimator / aristocrats hybrids.,584,exact,
Graveyard/Reanimator,Synergy,sacrifice-outlet,otag:sacrifice-outlet,Sac outlets to re-kill and reanimate.,0,exact,
Aristocrats,Core Mechanic,sacrifice-outlet,otag:sacrifice-outlet,Ways to sacrifice permanents for value.,0,exact,
Aristocrats,Core Mechanic,free-sacrifice-outlet,otag:free-sacrifice-outlet,Sac outlets with no extra cost.,183,exact,
Aristocrats,Core Mechanic,death-trigger,otag:death-trigger,Triggers when creatures die.,584,exact,
Aristocrats,Core Mechanic,synergy-sacrifice,otag:synergy-sacrifice,Cards that care about sacrificing.,104,exact,
Aristocrats,Core Mechanic,martyr,otag:martyr,Creatures that sac themselves for benefit.,535,exact,
Aristocrats,Payoff,drain-life,otag:drain-life,Drain / life-loss on death or sac.,368,exact,
Aristocrats,Payoff,grave-pact,otag:grave-pact,Opponents sacrifice when your creatures die.,6,exact,
Aristocrats,Enabler,repeatable-creature-tokens,otag:repeatable-creature-tokens,Token fodder for the sac engine.,1449,exact,
Aristocrats,Enabler,repeatable-sacrifice-outlet,otag:repeatable-sacrifice-outlet,Repeatable sac outlets.,576,exact,
Aristocrats,Win Condition,bombard,otag:bombard,Sac a creature to deal damage.,96,exact,
Aristocrats,Win Condition,fling,otag:fling,Sac a creature to deal its power as damage.,33,exact,
Aristocrats,Synergy,plunder,otag:plunder,Sac to draw cards.,72,exact,
Aristocrats,Synergy,sacrifice-outlet-creature,otag:sacrifice-outlet-creature,Creature-specific sac outlets.,884,exact,
Spellslinger/Storm,Core Mechanic,synergy-instant,otag:synergy-instant,Cards that care about instants.,474,exact,
Spellslinger/Storm,Core Mechanic,synergy-sorcery,otag:synergy-sorcery,Cards that care about sorceries.,473,exact,
Spellslinger/Storm,Core Mechanic,magecraft,otag:magecraft,Magecraft — cast instant/sorcery triggers.,33,exact,
Spellslinger/Storm,Core Mechanic,storm-count-matters,otag:storm-count-matters,Payoffs for high storm count.,28,exact,
Spellslinger/Storm,Core Mechanic,cantrip,otag:cantrip,Cantrips to chain spells.,652,exact,
Spellslinger/Storm,Payoff,copy-instant,otag:copy-instant,Copy instants.,158,exact,
Spellslinger/Storm,Payoff,copy-sorcery,otag:copy-sorcery,Copy sorceries.,153,exact,
Spellslinger/Storm,Payoff,copy-spell,otag:copy-spell,Copy spells generally.,152,exact,
Spellslinger/Storm,Payoff,young-pyromancer-ability,otag:young-pyromancer-ability,Cast instant/sorcery → token.,37,exact,
Spellslinger/Storm,Payoff,gives-prowess,otag:gives-prowess,Prowess grants for noncreature cast triggers.,7,exact,
Spellslinger/Storm,Payoff,prowess-anthem,otag:prowess-anthem,Team prowess on noncreature casts.,8,exact,
Spellslinger/Storm,Enabler,ritual,otag:ritual,Mana rituals for storm turns.,67,exact,
Spellslinger/Storm,Enabler,cost-reducer-instant-sorcery,otag:cost-reducer-instant-sorcery,Make instants/sorceries cheaper.,40,exact,
Spellslinger/Storm,Enabler,cast-trigger-you,otag:cast-trigger-you,"Whenever you cast X, do something.",1280,exact,
Spellslinger/Storm,Win Condition,storm-like,otag:storm-like,Storm-adjacent finishers.,17,exact,
Spellslinger/Storm,Win Condition,burn-player,otag:burn-player,Burn that finishes after a big spell turn.,880,exact,
Voltron (Go-Tall),Core Mechanic,synergy-equipment,otag:synergy-equipment,Cards that care about equipment.,183,exact,
Voltron (Go-Tall),Core Mechanic,synergy-aura,otag:synergy-aura,Cards that care about auras.,136,exact,
Voltron (Go-Tall),Core Mechanic,living-weapon,otag:living-weapon,Equipment that makes its own creature.,83,exact,
Voltron (Go-Tall),Core Mechanic,quick-equip,otag:quick-equip,Non-equip attach / cheap attach effects.,104,exact,
Voltron (Go-Tall),Core Mechanic,auto-equip,otag:auto-equip,Equipment that attaches itself on ETB.,63,exact,
Voltron (Go-Tall),Payoff,sword-of-x-and-y,otag:sword-of-x-and-y,Protection swords and similar dual-protection equipment.,4,exact,
Voltron (Go-Tall),Payoff,evasion,otag:evasion,Evasion so the Voltron attacker connects.,4573,exact,
Voltron (Go-Tall),Payoff,unblockable,otag:unblockable,True unblockable.,205,exact,
Voltron (Go-Tall),Payoff,gives-trample,otag:gives-trample,Trample for commander damage.,455,exact,
Voltron (Go-Tall),Enabler,tutor-artifact-equipment,otag:tutor-artifact-equipment,Equipment tutors.,21,exact,
Voltron (Go-Tall),Enabler,tutor-enchantment-aura,otag:tutor-enchantment-aura,Aura tutors.,13,exact,
Voltron (Go-Tall),Protection,gives-hexproof,otag:gives-hexproof,Protect the Voltron creature.,161,exact,
Voltron (Go-Tall),Protection,gives-indestructible,otag:gives-indestructible,Indestructible on the Voltron creature.,282,exact,
Voltron (Go-Tall),Protection,gives-protection,otag:gives-protection,Protection from color / quality.,127,exact,
Voltron (Go-Tall),Win Condition,gives-double-strike,otag:gives-double-strike,Double strike doubles commander damage.,152,exact,
Ramp,Core Mechanic,ramp,otag:ramp,Mana acceleration for current or later turns.,558,exact,
Ramp,Core Mechanic,land-ramp,otag:land-ramp,Ramp that puts lands onto the battlefield.,489,exact,
Ramp,Core Mechanic,mana-dork,otag:mana-dork,Creatures that tap for mana.,447,exact,
Ramp,Core Mechanic,mana-rock,otag:mana-rock,Artifacts that tap for mana.,109,exact,
Ramp,Core Mechanic,ritual,otag:ritual,Temporary mana bursts.,67,exact,
Ramp,Payoff,mana-sink,otag:mana-sink,Ways to spend excess mana.,766,exact,
Ramp,Payoff,bottomless-mana-sink,otag:bottomless-mana-sink,Sinks that scale with arbitrary mana.,778,exact,
Ramp,Payoff,mana-increaser,otag:mana-increaser,Mana doublers / Wild Growth style increasers.,61,exact,
Ramp,Enabler,multi-land-ramp,otag:multi-land-ramp,Multi-land ramp spells.,163,exact,
Ramp,Enabler,combat-ramp,otag:combat-ramp,Ramp via combat damage / attacks.,145,exact,
Ramp,Win Condition,gives-haste,otag:gives-haste,Haste for expensive threats cast with ramp.,628,exact,
Ramp,Synergy,landfall,otag:landfall,Extra lands feed landfall payoffs.,222,exact,
Aggro,Core Mechanic,gives-haste,otag:gives-haste,Haste so threats attack immediately.,628,exact,
Aggro,Core Mechanic,combat-trick,otag:combat-trick,Combat tricks to win races.,719,exact,
Aggro,Core Mechanic,evasion,otag:evasion,Evasion to connect for damage.,4573,exact,
Aggro,Payoff,overrun,otag:overrun,Overrun finishers.,80,exact,
Aggro,Payoff,gives-double-strike,otag:gives-double-strike,Double strike for burst damage.,152,exact,
Aggro,Payoff,gives-first-strike,otag:gives-first-strike,First strike in combat.,283,exact,
Aggro,Payoff,gives-menace,otag:gives-menace,Menace as evasion.,178,exact,
Aggro,Payoff,gives-trample,otag:gives-trample,Trample to push damage through.,455,exact,
Aggro,Enabler,cost-reducer,otag:cost-reducer,Cheaper creatures for aggressive curves.,155,exact,
Aggro,Enabler,ritual,otag:ritual,Burst mana for explosive turns.,67,exact,
Aggro,Win Condition,burn-player,otag:burn-player,Burn to finish after combat.,880,exact,
Aggro,Win Condition,burn-any,otag:burn-any,Flexible burn.,907,exact,
Aggro,Synergy,anthem,otag:anthem,Anthems for go-wide aggro.,469,exact,
Counters (+1/+1),Core Mechanic,counters-matter,otag:counters-matter,Cards that care about counters.,287,exact,
Counters (+1/+1),Core Mechanic,counter-fuel-pt,otag:counter-fuel-pt,Sources of +1/+1 counters.,1,exact,
Counters (+1/+1),Core Mechanic,counter-increaser,otag:counter-increaser,Hardened Scales style increasers.,20,exact,
Counters (+1/+1),Core Mechanic,move-counters,otag:move-counters,Move counters (Ozolith patterns).,67,exact,
Counters (+1/+1),Payoff,synergy-proliferate,otag:synergy-proliferate,Proliferate payoffs / enablers.,7,exact,
Counters (+1/+1),Payoff,gives-trample,otag:gives-trample,Trample for oversized creatures.,455,exact,
Counters (+1/+1),Enabler,outlast-mentor,otag:outlast-mentor,Outlast / mentor style counter builders.,7,exact,
Counters (+1/+1),Enabler,pseudo-proliferate,otag:pseudo-proliferate,Proliferate-like effects.,39,exact,
Counters (+1/+1),Win Condition,overrun,otag:overrun,Finishers once the board is grown.,80,exact,
Counters (-1/-1),Core Mechanic,pp-counters-matter,otag:pp-counters-matter,Cards that care about -1/-1 counters.,350,exact,
Counters (-1/-1),Core Mechanic,counters-matter,otag:counters-matter,General counters-matter payoffs.,287,exact,
Counters (-1/-1),Core Mechanic,gives-wither,otag:gives-wither,Wither spreads -1/-1 via combat.,10,exact,
Counters (-1/-1),Payoff,synergy-wither,otag:synergy-wither,Wither synergy.,1,exact,
Counters (-1/-1),Payoff,synergy-infect,otag:synergy-infect,Infect synergy (poison + -1/-1 overlap).,2,exact,
Counters (-1/-1),Enabler,synergy-proliferate,otag:synergy-proliferate,Proliferate spreads -1/-1 counters.,7,exact,
Counters (-1/-1),Enabler,pseudo-proliferate,otag:pseudo-proliferate,Proliferate-like spread.,39,exact,
Counters (-1/-1),Win Condition,poison-opponents,otag:poison-opponents,Direct poison as a parallel win path.,21,exact,
Counters (-1/-1),Synergy,counter-increaser,otag:counter-increaser,Increasers that amplify -1/-1 placement.,20,exact,
Infect/Poison,Core Mechanic,poisonous,otag:poisonous,Poisonous / poison-on-damage creatures.,131,exact,
Infect/Poison,Core Mechanic,synergy-poison,otag:synergy-poison,Cards that care about poison counters.,42,exact,
Infect/Poison,Core Mechanic,poison-mechanics,otag:poison-mechanics,Effects that interact with poison by name.,11,exact,
Infect/Poison,Core Mechanic,poison-opponents,otag:poison-opponents,Give poison without connecting in combat.,21,exact,
Infect/Poison,Core Mechanic,gives-infect,otag:gives-infect,Grant infect.,8,exact,
Infect/Poison,Core Mechanic,synergy-infect,otag:synergy-infect,Infect synergy.,2,exact,
Infect/Poison,Payoff,gives-wither,otag:gives-wither,Wither as a related counter strategy.,10,exact,
Infect/Poison,Enabler,synergy-proliferate,otag:synergy-proliferate,Proliferate poison.,7,exact,
Infect/Poison,Enabler,evasion,otag:evasion,Evasion so infect creatures connect.,4573,exact,
Infect/Poison,Win Condition,alternate-win-condition,otag:alternate-win-condition,Poison is an alternate win path.,83,exact,
Wheel,Core Mechanic,wheel,otag:wheel,"Discard hand, draw a new hand.",1,exact,
Wheel,Core Mechanic,wheel-symmetrical,otag:wheel-symmetrical,Each-player wheels.,40,exact,
Wheel,Core Mechanic,wheel-one-sided,otag:wheel-one-sided,One-sided (usually you) wheels.,104,exact,
Wheel,Core Mechanic,miniwheel,otag:miniwheel,"Discard hand, draw fewer than seven.",48,exact,
Wheel,Payoff,opponent-discard-matters,otag:opponent-discard-matters,Payoffs when opponents discard.,33,exact,
Wheel,Payoff,draw-matters,otag:draw-matters,Payoffs when you draw.,107,exact,
Wheel,Payoff,discard-symmetrical,otag:discard-symmetrical,Force discards without drawing back up.,28,exact,
Wheel,Enabler,whirlpool,otag:whirlpool,Wheel into the library variants.,35,exact,
Wheel,Win Condition,rack-effect,otag:rack-effect,Punish small hands after wheels.,16,exact,
Wheel,Synergy,group-slug,otag:group-slug,Damage while hands are cycled.,667,exact,
Lifegain,Core Mechanic,lifegain,otag:lifegain,Gain life.,885,exact,
Lifegain,Core Mechanic,lifegain-matters,otag:lifegain-matters,Payoffs for gaining life.,125,exact,
Lifegain,Core Mechanic,repeatable-lifegain,otag:repeatable-lifegain,Repeatable life gain.,1388,exact,
Lifegain,Payoff,drain-life,otag:drain-life,Drain opponents while gaining life.,368,exact,
Lifegain,Payoff,alternate-win-condition,otag:alternate-win-condition,Felidar Sovereign style life wins.,83,exact,
Lifegain,Payoff,soul-warden-ability,otag:soul-warden-ability,ETB / creature life-gain triggers.,38,exact,
Lifegain,Enabler,gives-lifelink,otag:gives-lifelink,Grant lifelink.,231,exact,
Lifegain,Synergy,synergy-lifelink,otag:synergy-lifelink,Lifelink synergy.,22,exact,
Lifegain,Win Condition,burn-player,otag:burn-player,Burn finishers after racing life totals.,880,exact,
Superfriends,Core Mechanic,synergy-planeswalker,otag:synergy-planeswalker,Cards that care about planeswalkers.,145,exact,
Superfriends,Core Mechanic,tutor-planeswalker,otag:tutor-planeswalker,Planeswalker tutors.,8,exact,
Superfriends,Core Mechanic,protects-planeswalker,otag:protects-planeswalker,Protect planeswalkers from attack / removal.,101,exact,
Superfriends,Payoff,copy-planeswalker,otag:copy-planeswalker,Copy planeswalkers.,16,exact,
Superfriends,Enabler,synergy-proliferate,otag:synergy-proliferate,Proliferate loyalty.,7,exact,
Superfriends,Enabler,counter-fuel-loyalty,otag:counter-fuel-loyalty,Add loyalty counters.,2,exact,
Superfriends,Protection,damage-prevention-planeswalker,otag:damage-prevention-planeswalker,Prevent damage to planeswalkers.,26,exact,
Superfriends,Synergy,reanimate-planeswalker,otag:reanimate-planeswalker,Recur planeswalkers.,20,exact,
Superfriends,Synergy,passive-ability,otag:passive-ability,Planeswalkers with static / non-loyalty abilities.,97,exact,
Group Hug,Core Mechanic,group-hug,otag:group-hug,Effects that benefit other players.,193,exact,
Group Hug,Core Mechanic,selective-group-hug,otag:selective-group-hug,Hug that benefits only some opponents.,211,exact,
Group Hug,Enabler,force-draw,otag:force-draw,Force opponents to draw.,283,exact,
Group Hug,Enabler,donate-token,otag:donate-token,Create tokens for opponents.,184,exact,
Group Hug,Synergy,catch-up,otag:catch-up,Help players who are behind.,94,exact,
Group Hug,Win Condition,alternate-win-condition,otag:alternate-win-condition,Hug decks often pivot to alternate wins.,83,exact,
Group Slug,Core Mechanic,group-slug,otag:group-slug,Damage or effects that hit multiple players.,667,exact,
Group Slug,Core Mechanic,burn-player-each,otag:burn-player-each,Damage each player.,132,exact,
Group Slug,Core Mechanic,burn-player,otag:burn-player,Player-directed burn.,880,exact,
Group Slug,Payoff,rack-effect,otag:rack-effect,Punish small hands.,16,exact,
Group Slug,Enabler,synergy-burn,otag:synergy-burn,Burn synergy.,59,exact,
Group Slug,Win Condition,burn-any,otag:burn-any,Flexible burn.,907,exact,
Group Slug,Synergy,group-hug,otag:group-hug,Sometimes mixed politics tables.,193,exact,
Chaos,Core Mechanic,coin-flip,otag:coin-flip,Coin flip effects.,89,exact,
Chaos,Core Mechanic,dice-roll,otag:dice-roll,Dice roll effects.,0,exact,
Chaos,Core Mechanic,synergy-dice,otag:synergy-dice,Dice synergy.,30,exact,
Chaos,Core Mechanic,coin-flips-matter,otag:coin-flips-matter,Payoffs for coin flips.,12,exact,
Chaos,Payoff,random-card,otag:random-card,Random card selection effects.,24,exact,
Chaos,Payoff,conjure-random,otag:conjure-random,Conjure random cards.,19,exact,
Chaos,Enabler,dice-reroll,otag:dice-reroll,Reroll dice.,5,exact,
Chaos,Synergy,wish,otag:wish,Sideboard / wish tutoring as chaos value.,61,exact,
Blink/Flicker,Core Mechanic,flicker,otag:flicker,Blink / flicker (alias: blink).,1,exact,
Blink/Flicker,Core Mechanic,flicker-self,otag:flicker-self,Permanents that flicker themselves.,40,exact,
Blink/Flicker,Core Mechanic,flicker-slow,otag:flicker-slow,"Exile and return later (end of turn, etc.).",108,exact,
Blink/Flicker,Payoff,creaturefall,otag:creaturefall,ETB triggers on creatures — the blink payoff.,553,exact,
Blink/Flicker,Payoff,enchantmentfall,otag:enchantmentfall,Enchantment ETBs (constellation).,73,exact,
Blink/Flicker,Enabler,flicker-enchantment,otag:flicker-enchantment,Flicker enchantments.,3,exact,
Blink/Flicker,Synergy,death-trigger,otag:death-trigger,Sometimes paired with sac-blink loops.,584,exact,
Blink/Flicker,Protection,gives-hexproof,otag:gives-hexproof,Protect key ETB pieces.,161,exact,
Enchantress,Core Mechanic,synergy-enchantment,otag:synergy-enchantment,Cards that care about enchantments.,155,exact,
Enchantress,Core Mechanic,enchantmentfall,otag:enchantmentfall,Constellation / enchantment ETBs.,73,exact,
Enchantress,Core Mechanic,enchantment-engine,otag:enchantment-engine,Repeatable enchantment value engines.,17,exact,
Enchantress,Core Mechanic,synergy-aura,otag:synergy-aura,Aura synergies inside enchantress.,136,exact,
Enchantress,Payoff,draw-engine,otag:draw-engine,Enchantress draw engines.,1500,exact,
Enchantress,Enabler,tutor-enchantment,otag:tutor-enchantment,Enchantment tutors.,15,exact,
Enchantress,Enabler,tutor-enchantment-aura,otag:tutor-enchantment-aura,Aura tutors.,13,exact,
Enchantress,Enabler,cost-reducer-enchantment,otag:cost-reducer-enchantment,Cheaper enchantments.,9,exact,
Enchantress,Synergy,affinity-for-enchantments,otag:affinity-for-enchantments,Affinity for enchantments.,2,exact,
Enchantress,Synergy,synergy-enchantment-creature,otag:synergy-enchantment-creature,Enchantment creatures.,22,exact,
Enchantress,Protection,protects-enchantment,otag:protects-enchantment,Protect your enchantments.,33,exact,
Stax,Core Mechanic,tax,otag:tax,Tax opponents' actions.,1,exact,
Stax,Core Mechanic,cast-tax,otag:cast-tax,Tax on casts.,17,exact,
Stax,Core Mechanic,tax-attack,otag:tax-attack,Tax on attacks.,40,exact,
Stax,Core Mechanic,hatebear,otag:hatebear,Low-curve hate creatures.,65,exact,
Stax,Core Mechanic,hatebird,otag:hatebird,Flying hate creatures (higher curve mirrors).,17,exact,
Stax,Payoff,lockdown-creature,otag:lockdown-creature,Keep creatures locked down.,107,exact,
Stax,Payoff,lockdown-artifact,otag:lockdown-artifact,Lock artifacts.,15,exact,
Stax,Payoff,lockdown-land,otag:lockdown-land,Lock lands.,10,exact,
Stax,Payoff,freeze-creature,otag:freeze-creature,Prevent untapping.,186,exact,
Stax,Enabler,pillowfort,otag:pillowfort,Attack disincentives while locking the table.,19,exact,
Stax,Win Condition,alternate-win-condition,otag:alternate-win-condition,Win under a lock.,83,exact,
Stax,Synergy,spot-removal,otag:spot-removal,Clean up what slips through.,4988,exact,
Theft,Core Mechanic,theft,otag:theft,Steal cards and resources.,20,exact,
Theft,Core Mechanic,threaten,otag:threaten,Gain control until end of turn.,83,exact,
Theft,Core Mechanic,theft-mass,otag:theft-mass,Mass theft effects.,29,exact,
Theft,Core Mechanic,nightveil-theft,otag:nightveil-theft,Exile and cast opponents' cards.,128,exact,
Theft,Core Mechanic,synergy-theft,otag:synergy-theft,Theft synergy.,28,exact,
Theft,Payoff,theft-land,otag:theft-land,Steal lands.,26,exact,
Theft,Payoff,theft-equipment,otag:theft-equipment,Steal equipment.,7,exact,
Theft,Payoff,theft-enchantment,otag:theft-enchantment,Steal enchantments.,7,exact,
Theft,Payoff,theft-planeswalker,otag:theft-planeswalker,Steal planeswalkers.,11,exact,
Theft,Enabler,theft-spell,otag:theft-spell,Steal / cast opponents' spells.,13,exact,
Theft,Synergy,copy-creature,otag:copy-creature,Copy as a soft-theft plan.,358,exact,
Legends Matter / Historic,Core Mechanic,synergy-legendary,otag:synergy-legendary,Cards that care about legendary permanents.,196,exact,
Legends Matter / Historic,Core Mechanic,synergy-historic,otag:synergy-historic,Cards that care about historic.,47,exact,
Legends Matter / Historic,Core Mechanic,legendary-team-up,otag:legendary-team-up,Legendary partner / team-up designs.,48,exact,
Legends Matter / Historic,Payoff,copy-legendary,otag:copy-legendary,Copy legendary permanents (often with legend-rule care).,48,exact,
Legends Matter / Historic,Payoff,mirror-gallery,otag:mirror-gallery,Bypass the legend rule.,8,exact,
Legends Matter / Historic,Enabler,tutor-legendary,otag:tutor-legendary,Tutor legendary cards.,7,exact,
Legends Matter / Historic,Enabler,tutor-creature-legendary,otag:tutor-creature-legendary,Tutor legendary creatures.,7,exact,
Legends Matter / Historic,Enabler,impulse-historic,otag:impulse-historic,Impulse historic cards.,3,exact,
Legends Matter / Historic,Synergy,synergy-equipment-legendary,otag:synergy-equipment-legendary,Legendary equipment synergies.,1,exact,
Legends Matter / Historic,Synergy,cost-reducer-historic,otag:cost-reducer-historic,Cost reduction for historic.,2,exact,
Mill,Core Mechanic,mill-opponent,otag:mill-opponent,Mill opponents.,192,exact,
Mill,Core Mechanic,mill-any,otag:mill-any,Mill any library.,187,exact,
Mill,Core Mechanic,mill-self,otag:mill-self,Self-mill (also fuels your own yard).,334,exact,
Mill,Core Mechanic,synergy-mill,otag:synergy-mill,Mill payoffs.,91,exact,
Mill,Core Mechanic,mill-exile,otag:mill-exile,Exile from top of library.,118,exact,
Mill,Payoff,alternate-win-condition,otag:alternate-win-condition,Mill-out / empty-library wins.,83,exact,
Mill,Enabler,surveil,otag:surveil,Selective mill / setup.,292,exact,
Mill,Enabler,graveyard-fuel,otag:graveyard-fuel,Fill yards intentionally.,181,exact,
Mill,Synergy,hand-disruption,otag:hand-disruption,Combine mill with hand attack.,15,exact,
Extra Combats,Core Mechanic,extra-combat-phase,otag:extra-combat-phase,Extra combat phases (alias: extra-combat).,53,exact,
Extra Combats,Payoff,gives-haste,otag:gives-haste,Haste so new attackers can use extra combats.,628,exact,
Extra Combats,Payoff,gives-double-strike,otag:gives-double-strike,Double strike with extra combats.,152,exact,
Extra Combats,Payoff,overrun,otag:overrun,Combat finishers.,80,exact,
Extra Combats,Enabler,untapper,otag:untapper,Untap attackers between combats.,0,exact,
Extra Combats,Synergy,combat-trick,otag:combat-trick,Tricks during multiple combat steps.,719,exact,
Extra Combats,Synergy,evasion,otag:evasion,Ensure attackers connect each combat.,4573,exact,
Extra Turns,Core Mechanic,extra-turn,otag:extra-turn,Take extra turns.,64,exact,
Extra Turns,Payoff,alternate-win-condition,otag:alternate-win-condition,Win during locked extra-turn loops.,83,exact,
Extra Turns,Enabler,tutor,otag:tutor,Find extra-turn spells.,0,exact,
Extra Turns,Enabler,recursion,otag:recursion,Recur extra-turn spells.,0,exact,
Extra Turns,Enabler,castable-from-graveyard,otag:castable-from-graveyard,Cast extra turns from the yard.,403,exact,
Extra Turns,Protection,counterspell,otag:counterspell,Protect the extra-turn turn.,97,exact,
Extra Turns,Synergy,prevent-extra-turns,otag:prevent-extra-turns,Hate for opposing extra turns (sideboard mindset).,4,exact,
Equipment,Core Mechanic,synergy-equipment,otag:synergy-equipment,Equipment matters.,183,exact,
Equipment,Core Mechanic,living-weapon,otag:living-weapon,Living weapon equipment.,83,exact,
Equipment,Core Mechanic,quick-equip,otag:quick-equip,Cheap / alternate attach.,104,exact,
Equipment,Core Mechanic,auto-equip,otag:auto-equip,Self-attaching equipment.,63,exact,
Equipment,Payoff,french-vanilla-equipment,otag:french-vanilla-equipment,Simple keyword/stat equipment.,51,exact,
Equipment,Payoff,cranial-plating,otag:cranial-plating,Artifact-count buffs.,26,exact,
Equipment,Payoff,sword-of-x-and-y,otag:sword-of-x-and-y,Dual-protection swords.,4,exact,
Equipment,Enabler,tutor-artifact-equipment,otag:tutor-artifact-equipment,Equipment tutors.,21,exact,
Equipment,Enabler,impulse-artifact-equipment,otag:impulse-artifact-equipment,Impulse equipment.,10,exact,
Equipment,Synergy,copy-equipment,otag:copy-equipment,Copy equipment.,28,exact,
Equipment,Synergy,reanimate-equipment,otag:reanimate-equipment,Recur equipment.,14,exact,
Equipment,Protection,gives-hexproof,otag:gives-hexproof,Protect the equipped creature.,161,exact,
Vehicles,Core Mechanic,crew,otag:crew,Crew keyword / crewed vehicles.,198,exact,
Vehicles,Core Mechanic,synergy-vehicle,otag:synergy-vehicle,Vehicle matters.,126,exact,
Vehicles,Core Mechanic,bring-your-own-crew,otag:bring-your-own-crew,Vehicles that come with pilots.,26,exact,
Vehicles,Core Mechanic,crewless-vehicle,otag:crewless-vehicle,Vehicles that animate without crewing.,21,exact,
Vehicles,Core Mechanic,alternative-crewing,otag:alternative-crewing,Alternate self-animation.,21,exact,
Vehicles,Payoff,animate-vehicle,otag:animate-vehicle,Turn vehicles into creatures without crew.,17,exact,
Vehicles,Payoff,animate-artifact,otag:animate-artifact,Animate artifacts including vehicles.,77,exact,
Vehicles,Enabler,impulse-artifact-vehicle,otag:impulse-artifact-vehicle,Impulse vehicles.,6,exact,
Vehicles,Synergy,reanimate-vehicle,otag:reanimate-vehicle,Recur vehicles.,9,exact,
Vehicles,Synergy,flicker-vehicle,otag:flicker-vehicle,Flicker vehicles.,1,exact,
Copy/Clone,Core Mechanic,clone,otag:clone,Clone creatures.,72,exact,
Copy/Clone,Core Mechanic,copy-creature,otag:copy-creature,Copy creatures.,358,exact,
Copy/Clone,Core Mechanic,copy-permanent,otag:copy-permanent,Copy permanents.,18,exact,
Copy/Clone,Core Mechanic,copy-spell,otag:copy-spell,Copy spells.,152,exact,
Copy/Clone,Core Mechanic,copy-self,otag:copy-self,Permanents that copy themselves / make copies of self.,312,exact,
Copy/Clone,Payoff,copy-token,otag:copy-token,Copy tokens.,55,exact,
Copy/Clone,Payoff,copy-legendary,otag:copy-legendary,Copy legendaries.,48,exact,
Copy/Clone,Payoff,polymorph,otag:polymorph,Polymorph effects.,39,exact,
Copy/Clone,Enabler,copy-instant,otag:copy-instant,Copy instants.,158,exact,
Copy/Clone,Enabler,copy-sorcery,otag:copy-sorcery,Copy sorceries.,153,exact,
Copy/Clone,Synergy,copy-artifact,otag:copy-artifact,Copy artifacts.,69,exact,
Copy/Clone,Synergy,copy-enchantment,otag:copy-enchantment,Copy enchantments.,17,exact,
Copy/Clone,Synergy,mirror-gallery,otag:mirror-gallery,Legend-rule bypass for copies.,8,exact,
Devotion,Core Mechanic,affinity-for-devotion,otag:affinity-for-devotion,Effects keyed to devotion.,3,exact,
Devotion,Payoff,mana-sink,otag:mana-sink,Spend mana produced by devotion engines.,766,exact,
Devotion,Enabler,mana-dork,otag:mana-dork,Colored pips for devotion.,447,exact,
Devotion,Enabler,mana-rock,otag:mana-rock,Rocks that still support the plan.,109,exact,
Devotion,Synergy,synergy-enchantment,otag:synergy-enchantment,Enchantments often carry colored pips.,155,exact,
Devotion,Synergy,cost-reducer,otag:cost-reducer,Cost reduction alongside devotion payoffs.,155,exact,
Cascade/Discover,Core Mechanic,gives-cascade,otag:gives-cascade,Grant cascade.,18,exact,
Cascade/Discover,Core Mechanic,synergy-cascade,otag:synergy-cascade,Cascade synergy.,3,exact,
Cascade/Discover,Core Mechanic,synergy-discover,otag:synergy-discover,Discover synergy.,2,exact,
Cascade/Discover,Payoff,gains-cascade,otag:gains-cascade,Permanents that gain cascade.,1,exact,
Cascade/Discover,Enabler,cost-reducer,otag:cost-reducer,Manipulate MV for cascade hits.,155,exact,
Cascade/Discover,Enabler,ritual,otag:ritual,Ritual into cascade spells.,67,exact,
Cascade/Discover,Synergy,cast-trigger-you,otag:cast-trigger-you,Cast triggers in cascade shells.,1280,exact,
Big Mana / X Spells,Core Mechanic,mana-sink,otag:mana-sink,Spend large amounts of mana.,766,exact,
Big Mana / X Spells,Core Mechanic,bottomless-mana-sink,otag:bottomless-mana-sink,Arbitrary-mana sinks.,778,exact,
Big Mana / X Spells,Core Mechanic,mana-increaser,otag:mana-increaser,Mana doublers / increasers.,61,exact,
Big Mana / X Spells,Core Mechanic,ramp,otag:ramp,Acceleration into X spells.,558,exact,
Big Mana / X Spells,Payoff,burn-any,otag:burn-any,X burn.,907,exact,
Big Mana / X Spells,Enabler,mana-rock,otag:mana-rock,Rocks for big mana.,109,exact,
Big Mana / X Spells,Enabler,mana-dork,otag:mana-dork,Dorks for big mana.,447,exact,
Big Mana / X Spells,Enabler,land-ramp,otag:land-ramp,Land ramp into X.,489,exact,
Big Mana / X Spells,Enabler,ritual,otag:ritual,Ritual into X.,67,exact,
Big Mana / X Spells,Synergy,cost-reducer,otag:cost-reducer,Reduce X costs.,155,exact,
Sacrifice,Core Mechanic,synergy-sacrifice,otag:synergy-sacrifice,Sacrifice matters.,104,exact,
Sacrifice,Core Mechanic,sacrifice-outlet,otag:sacrifice-outlet,Sac outlets.,0,exact,
Sacrifice,Core Mechanic,free-sacrifice-outlet,otag:free-sacrifice-outlet,Free sac outlets.,183,exact,
Sacrifice,Core Mechanic,repeatable-sacrifice-outlet,otag:repeatable-sacrifice-outlet,Repeatable sac.,576,exact,
Sacrifice,Payoff,death-trigger,otag:death-trigger,Death triggers.,584,exact,
Sacrifice,Payoff,drain-life,otag:drain-life,Drain on sac/death.,368,exact,
Sacrifice,Enabler,martyr,otag:martyr,Self-sac creatures.,535,exact,
Sacrifice,Enabler,repeatable-creature-tokens,otag:repeatable-creature-tokens,Fodder.,1449,exact,
Sacrifice,Win Condition,bombard,otag:bombard,Sac for damage.,96,exact,
Sacrifice,Synergy,plunder,otag:plunder,Sac for cards.,72,exact,
Party,Core Mechanic,synergy-party,otag:synergy-party,Party matters (alias: typal-party).,39,exact,
Party,Core Mechanic,affinity-for-party,otag:affinity-for-party,Affinity / cost care for party.,10,exact,
Party,Core Mechanic,multiclass-party-member,otag:multiclass-party-member,Creatures that fill multiple party roles.,4,exact,
Party,Payoff,anthem,otag:anthem,Party-wide buffs.,469,exact,
Party,Enabler,tutor,otag:tutor,Assemble the party.,0,exact,
Party,Synergy,typal-creature,otag:typal-creature,Typal care overlapping party classes.,0,exact,
Kindred / Typal Payoffs,Core Mechanic,typal-creature,otag:typal-creature,General creature-type matters.,0,exact,
Kindred / Typal Payoffs,Core Mechanic,anthem,otag:anthem,Lords / anthems (alias: lord).,469,exact,
Kindred / Typal Payoffs,Core Mechanic,changeling,otag:changeling,All creature types.,53,exact,
Kindred / Typal Payoffs,Payoff,warlord,otag:warlord,P/T = creature count.,71,exact,
Kindred / Typal Payoffs,Enabler,tutor,otag:tutor,Fetch tribal pieces.,0,exact,
Kindred / Typal Payoffs,Synergy,creaturefall,otag:creaturefall,ETB when creatures enter.,553,exact,
Kindred / Typal Payoffs,Synergy,affinity-for-tokens,otag:affinity-for-tokens,Often overlaps go-wide tribal.,1,exact,
Enchantments / Auras,Core Mechanic,synergy-enchantment,otag:synergy-enchantment,Enchantment matters.,155,exact,
Enchantments / Auras,Core Mechanic,synergy-aura,otag:synergy-aura,Aura matters.,136,exact,
Enchantments / Auras,Core Mechanic,enchantmentfall,otag:enchantmentfall,Constellation / enchantment ETB.,73,exact,
Enchantments / Auras,Payoff,parasitic-aura,otag:parasitic-aura,Auras that harm the enchanted permanent's controller.,55,exact,
Enchantments / Auras,Payoff,french-vanilla-aura,otag:french-vanilla-aura,Simple pump/keyword auras.,109,exact,
Enchantments / Auras,Enabler,tutor-enchantment,otag:tutor-enchantment,Enchantment tutors.,15,exact,
Enchantments / Auras,Enabler,tutor-enchantment-aura,otag:tutor-enchantment-aura,Aura tutors.,13,exact,
Enchantments / Auras,Enabler,tutor-aura-curse,otag:tutor-aura-curse,Curse tutors.,2,exact,
Enchantments / Auras,Synergy,synergy-curse,otag:synergy-curse,Curse synergies.,5,exact,
Enchantments / Auras,Synergy,copy-aura,otag:copy-aura,Copy auras.,24,exact,
Enchantments / Auras,Protection,protects-enchantment,otag:protects-enchantment,Protect enchantments.,33,exact,
Doubling / Copy Effects,Core Mechanic,token-doubler,otag:token-doubler,Double tokens created.,18,exact,
Doubling / Copy Effects,Core Mechanic,counter-increaser,otag:counter-increaser,Increase counters placed.,20,exact,
Doubling / Copy Effects,Core Mechanic,copy,otag:copy,Copy effects.,7,exact,
Doubling / Copy Effects,Core Mechanic,copy-token,otag:copy-token,Copy tokens.,55,exact,
Doubling / Copy Effects,Payoff,exponential,otag:exponential,Exponential growth effects.,121,exact,
Doubling / Copy Effects,Payoff,mana-increaser,otag:mana-increaser,Mana doubling.,61,exact,
Doubling / Copy Effects,Enabler,copy-permanent,otag:copy-permanent,Copy permanents.,18,exact,
Doubling / Copy Effects,Enabler,copy-spell,otag:copy-spell,Copy spells.,152,exact,
Doubling / Copy Effects,Synergy,synergy-token,otag:synergy-token,Token synergy with doublers.,105,exact,
Doubling / Copy Effects,Synergy,counters-matter,otag:counters-matter,Counters matter with increasers.,287,exact,
Monarch / Goad Politics,Core Mechanic,monarch-matters,otag:monarch-matters,Cards that care about the monarch.,46,exact,
Monarch / Goad Politics,Core Mechanic,synergy-goad,otag:synergy-goad,Goad synergy.,8,exact,
Monarch / Goad Politics,Payoff,group-slug,otag:group-slug,Multiplayer pressure.,667,exact,
Monarch / Goad Politics,Payoff,selective-group-hug,otag:selective-group-hug,Political hug.,211,exact,
Monarch / Goad Politics,Enabler,threaten,otag:threaten,Temporary control / goad-adjacent.,83,exact,
Monarch / Goad Politics,Synergy,pillowfort,otag:pillowfort,Stay safe while politics happen.,19,exact,
Monarch / Goad Politics,Synergy,combat-arbiter,otag:combat-arbiter,Limit attacks/blocks.,10,exact,
Tribal (Dragons),Core Mechanic,typal-dragon,otag:typal-dragon,Cards that care about Dragon creatures.,141,exact,
Tribal (Dragons),Tutor/Selection,tutor-creature-dragon,otag:tutor-creature-dragon,Tutors that specifically fetch Dragon cards.,14,exact,
Tribal (Dragons),Tutor/Selection,impulse-creature-dragon,otag:impulse-creature-dragon,Impulse-draw effects that can hit Dragon cards.,5,exact,
Tribal (Dragons),Tutor/Selection,seek-creature-dragon,otag:seek-creature-dragon,Seek effects that find Dragon cards.,2,exact,
Tribal (Dragons),Synergy,typal-elder-dragon,otag:typal-elder-dragon,Elder Dragon typal care.,1,exact,
Tribal (Dragons),Core Mechanic,anthem,otag:anthem,Lords and anthems that buff your creature type (Scryfall alias: lord).,469,exact,
Tribal (Dragons),Core Mechanic,typal-creature,otag:typal-creature,Cards that care about creature types in general.,0,exact,
Tribal (Dragons),Payoff,warlord,otag:warlord,Power/toughness equal to creature count — classic tribal finisher shape.,71,exact,
Tribal (Dragons),Enabler,changeling,otag:changeling,All-creature-types enablers that count for every typal payoff.,53,exact,
Tribal (Dragons),Tutor/Selection,tutor,otag:tutor,Generic tutors; combine with t:creature type filters in search.,0,exact,
Tribal (Dragons),Combat,gives-haste,otag:gives-haste,Haste enablers so tribal boards can attack immediately.,628,exact,
Tribal (Dragons),Combat,evasion,otag:evasion,Evasion keywords that help tribal armies connect.,4573,exact,
Tribal (Dragons),Protection,gives-hexproof,otag:gives-hexproof,Hexproof grants protect key tribal pieces.,161,exact,
Tribal (Dragons),Protection,gives-indestructible,otag:gives-indestructible,Indestructible grants protect the board from wipes.,282,exact,
Tribal (Dragons),Synergy,creaturefall,otag:creaturefall,ETB-on-creature triggers common in go-wide tribal shells.,553,exact,
Tribal (Elves),Core Mechanic,typal-elf,otag:typal-elf,Cards that care about Elf creatures.,131,exact,
Tribal (Elves),Tutor/Selection,tutor-creature-elf,otag:tutor-creature-elf,Tutors that specifically fetch Elf cards.,4,exact,
Tribal (Elves),Tutor/Selection,impulse-creature-elf,otag:impulse-creature-elf,Impulse-draw effects that can hit Elf cards.,5,exact,
Tribal (Elves),Tutor/Selection,seek-creature-elf,otag:seek-creature-elf,Seek effects that find Elf cards.,2,exact,
Tribal (Elves),Core Mechanic,anthem,otag:anthem,Lords and anthems that buff your creature type (Scryfall alias: lord).,469,exact,
Tribal (Elves),Core Mechanic,typal-creature,otag:typal-creature,Cards that care about creature types in general.,0,exact,
Tribal (Elves),Payoff,warlord,otag:warlord,Power/toughness equal to creature count — classic tribal finisher shape.,71,exact,
Tribal (Elves),Enabler,changeling,otag:changeling,All-creature-types enablers that count for every typal payoff.,53,exact,
Tribal (Elves),Tutor/Selection,tutor,otag:tutor,Generic tutors; combine with t:creature type filters in search.,0,exact,
Tribal (Elves),Combat,gives-haste,otag:gives-haste,Haste enablers so tribal boards can attack immediately.,628,exact,
Tribal (Elves),Combat,evasion,otag:evasion,Evasion keywords that help tribal armies connect.,4573,exact,
Tribal (Elves),Protection,gives-hexproof,otag:gives-hexproof,Hexproof grants protect key tribal pieces.,161,exact,
Tribal (Elves),Protection,gives-indestructible,otag:gives-indestructible,Indestructible grants protect the board from wipes.,282,exact,
Tribal (Elves),Synergy,creaturefall,otag:creaturefall,ETB-on-creature triggers common in go-wide tribal shells.,553,exact,
Tribal (Goblins),Core Mechanic,typal-goblin,otag:typal-goblin,Cards that care about Goblin creatures.,112,exact,
Tribal (Goblins),Tutor/Selection,tutor-creature-goblin,otag:tutor-creature-goblin,Tutors that specifically fetch Goblin cards.,4,exact,
Tribal (Goblins),Tutor/Selection,impulse-creature-goblin,otag:impulse-creature-goblin,Impulse-draw effects that can hit Goblin cards.,3,exact,
Tribal (Goblins),Synergy,typal-goblin-orc,otag:typal-goblin-orc,Goblin/Orc typal overlap.,14,exact,
Tribal (Goblins),Core Mechanic,anthem,otag:anthem,Lords and anthems that buff your creature type (Scryfall alias: lord).,469,exact,
Tribal (Goblins),Core Mechanic,typal-creature,otag:typal-creature,Cards that care about creature types in general.,0,exact,
Tribal (Goblins),Payoff,warlord,otag:warlord,Power/toughness equal to creature count — classic tribal finisher shape.,71,exact,
Tribal (Goblins),Enabler,changeling,otag:changeling,All-creature-types enablers that count for every typal payoff.,53,exact,
Tribal (Goblins),Tutor/Selection,tutor,otag:tutor,Generic tutors; combine with t:creature type filters in search.,0,exact,
Tribal (Goblins),Combat,gives-haste,otag:gives-haste,Haste enablers so tribal boards can attack immediately.,628,exact,
Tribal (Goblins),Combat,evasion,otag:evasion,Evasion keywords that help tribal armies connect.,4573,exact,
Tribal (Goblins),Protection,gives-hexproof,otag:gives-hexproof,Hexproof grants protect key tribal pieces.,161,exact,
Tribal (Goblins),Protection,gives-indestructible,otag:gives-indestructible,Indestructible grants protect the board from wipes.,282,exact,
Tribal (Goblins),Synergy,creaturefall,otag:creaturefall,ETB-on-creature triggers common in go-wide tribal shells.,553,exact,
Tribal (Humans),Core Mechanic,typal-human,otag:typal-human,Cards that care about Human creatures.,104,exact,
Tribal (Humans),Tutor/Selection,impulse-creature-human,otag:impulse-creature-human,Impulse-draw effects that can hit Human cards.,4,exact,
Tribal (Humans),Payoff,affinity-for-humans,otag:affinity-for-humans,Cost reduction / affinity for Humans.,1,exact,
Tribal (Humans),Synergy,typal-non-human,otag:typal-non-human,Effects that care about non-Humans (hate / mirror).,29,exact,
Tribal (Humans),Core Mechanic,anthem,otag:anthem,Lords and anthems that buff your creature type (Scryfall alias: lord).,469,exact,
Tribal (Humans),Core Mechanic,typal-creature,otag:typal-creature,Cards that care about creature types in general.,0,exact,
Tribal (Humans),Payoff,warlord,otag:warlord,Power/toughness equal to creature count — classic tribal finisher shape.,71,exact,
Tribal (Humans),Enabler,changeling,otag:changeling,All-creature-types enablers that count for every typal payoff.,53,exact,
Tribal (Humans),Tutor/Selection,tutor,otag:tutor,Generic tutors; combine with t:creature type filters in search.,0,exact,
Tribal (Humans),Combat,gives-haste,otag:gives-haste,Haste enablers so tribal boards can attack immediately.,628,exact,
Tribal (Humans),Combat,evasion,otag:evasion,Evasion keywords that help tribal armies connect.,4573,exact,
Tribal (Humans),Protection,gives-hexproof,otag:gives-hexproof,Hexproof grants protect key tribal pieces.,161,exact,
Tribal (Humans),Protection,gives-indestructible,otag:gives-indestructible,Indestructible grants protect the board from wipes.,282,exact,
Tribal (Humans),Synergy,creaturefall,otag:creaturefall,ETB-on-creature triggers common in go-wide tribal shells.,553,exact,
Tribal (Merfolk),Core Mechanic,typal-merfolk,otag:typal-merfolk,Cards that care about Merfolk creatures.,84,exact,
Tribal (Merfolk),Tutor/Selection,tutor-creature-merfolk,otag:tutor-creature-merfolk,Tutors that specifically fetch Merfolk cards.,3,exact,
Tribal (Merfolk),Tutor/Selection,impulse-creature-merfolk,otag:impulse-creature-merfolk,Impulse-draw effects that can hit Merfolk cards.,1,exact,
Tribal (Merfolk),Tutor/Selection,seek-creature-merfolk,otag:seek-creature-merfolk,Seek effects that find Merfolk cards.,1,exact,
Tribal (Merfolk),Core Mechanic,anthem,otag:anthem,Lords and anthems that buff your creature type (Scryfall alias: lord).,469,exact,
Tribal (Merfolk),Core Mechanic,typal-creature,otag:typal-creature,Cards that care about creature types in general.,0,exact,
Tribal (Merfolk),Payoff,warlord,otag:warlord,Power/toughness equal to creature count — classic tribal finisher shape.,71,exact,
Tribal (Merfolk),Enabler,changeling,otag:changeling,All-creature-types enablers that count for every typal payoff.,53,exact,
Tribal (Merfolk),Tutor/Selection,tutor,otag:tutor,Generic tutors; combine with t:creature type filters in search.,0,exact,
Tribal (Merfolk),Combat,gives-haste,otag:gives-haste,Haste enablers so tribal boards can attack immediately.,628,exact,
Tribal (Merfolk),Combat,evasion,otag:evasion,Evasion keywords that help tribal armies connect.,4573,exact,
Tribal (Merfolk),Protection,gives-hexproof,otag:gives-hexproof,Hexproof grants protect key tribal pieces.,161,exact,
Tribal (Merfolk),Protection,gives-indestructible,otag:gives-indestructible,Indestructible grants protect the board from wipes.,282,exact,
Tribal (Merfolk),Synergy,creaturefall,otag:creaturefall,ETB-on-creature triggers common in go-wide tribal shells.,553,exact,
Tribal (Slivers),Core Mechanic,typal-sliver,otag:typal-sliver,Cards that care about Sliver creatures.,124,exact,
Tribal (Slivers),Tutor/Selection,tutor-creature-sliver,otag:tutor-creature-sliver,Tutors that specifically fetch Sliver cards.,2,exact,
Tribal (Slivers),Payoff,affinity-for-slivers,otag:affinity-for-slivers,Cost reduction / affinity for Slivers.,1,exact,
Tribal (Slivers),Payoff,sliver-stackable,otag:sliver-stackable,Sliver abilities that stack with multiples.,46,exact,
Tribal (Slivers),Core Mechanic,anthem,otag:anthem,Lords and anthems that buff your creature type (Scryfall alias: lord).,469,exact,
Tribal (Slivers),Core Mechanic,typal-creature,otag:typal-creature,Cards that care about creature types in general.,0,exact,
Tribal (Slivers),Payoff,warlord,otag:warlord,Power/toughness equal to creature count — classic tribal finisher shape.,71,exact,
Tribal (Slivers),Enabler,changeling,otag:changeling,All-creature-types enablers that count for every typal payoff.,53,exact,
Tribal (Slivers),Tutor/Selection,tutor,otag:tutor,Generic tutors; combine with t:creature type filters in search.,0,exact,
Tribal (Slivers),Combat,gives-haste,otag:gives-haste,Haste enablers so tribal boards can attack immediately.,628,exact,
Tribal (Slivers),Combat,evasion,otag:evasion,Evasion keywords that help tribal armies connect.,4573,exact,
Tribal (Slivers),Protection,gives-hexproof,otag:gives-hexproof,Hexproof grants protect key tribal pieces.,161,exact,
Tribal (Slivers),Protection,gives-indestructible,otag:gives-indestructible,Indestructible grants protect the board from wipes.,282,exact,
Tribal (Slivers),Synergy,creaturefall,otag:creaturefall,ETB-on-creature triggers common in go-wide tribal shells.,553,exact,
Tribal (Vampires),Core Mechanic,typal-vampire,otag:typal-vampire,Cards that care about Vampire creatures.,86,exact,
Tribal (Vampires),Tutor/Selection,tutor-creature-vampire,otag:tutor-creature-vampire,Tutors that specifically fetch Vampire cards.,1,exact,
Tribal (Vampires),Tutor/Selection,seek-creature-vampire,otag:seek-creature-vampire,Seek effects that find Vampire cards.,1,exact,
Tribal (Vampires),Core Mechanic,anthem,otag:anthem,Lords and anthems that buff your creature type (Scryfall alias: lord).,469,exact,
Tribal (Vampires),Core Mechanic,typal-creature,otag:typal-creature,Cards that care about creature types in general.,0,exact,
Tribal (Vampires),Payoff,warlord,otag:warlord,Power/toughness equal to creature count — classic tribal finisher shape.,71,exact,
Tribal (Vampires),Enabler,changeling,otag:changeling,All-creature-types enablers that count for every typal payoff.,53,exact,
Tribal (Vampires),Tutor/Selection,tutor,otag:tutor,Generic tutors; combine with t:creature type filters in search.,0,exact,
Tribal (Vampires),Combat,gives-haste,otag:gives-haste,Haste enablers so tribal boards can attack immediately.,628,exact,
Tribal (Vampires),Combat,evasion,otag:evasion,Evasion keywords that help tribal armies connect.,4573,exact,
Tribal (Vampires),Protection,gives-hexproof,otag:gives-hexproof,Hexproof grants protect key tribal pieces.,161,exact,
Tribal (Vampires),Protection,gives-indestructible,otag:gives-indestructible,Indestructible grants protect the board from wipes.,282,exact,
Tribal (Vampires),Synergy,creaturefall,otag:creaturefall,ETB-on-creature triggers common in go-wide tribal shells.,553,exact,
Tribal (Wizards),Core Mechanic,typal-wizard,otag:typal-wizard,Cards that care about Wizard creatures.,79,exact,
Tribal (Wizards),Tutor/Selection,tutor-creature-wizard,otag:tutor-creature-wizard,Tutors that specifically fetch Wizard cards.,2,exact,
Tribal (Wizards),Core Mechanic,anthem,otag:anthem,Lords and anthems that buff your creature type (Scryfall alias: lord).,469,exact,
Tribal (Wizards),Core Mechanic,typal-creature,otag:typal-creature,Cards that care about creature types in general.,0,exact,
Tribal (Wizards),Payoff,warlord,otag:warlord,Power/toughness equal to creature count — classic tribal finisher shape.,71,exact,
Tribal (Wizards),Enabler,changeling,otag:changeling,All-creature-types enablers that count for every typal payoff.,53,exact,
Tribal (Wizards),Tutor/Selection,tutor,otag:tutor,Generic tutors; combine with t:creature type filters in search.,0,exact,
Tribal (Wizards),Combat,gives-haste,otag:gives-haste,Haste enablers so tribal boards can attack immediately.,628,exact,
Tribal (Wizards),Combat,evasion,otag:evasion,Evasion keywords that help tribal armies connect.,4573,exact,
Tribal (Wizards),Protection,gives-hexproof,otag:gives-hexproof,Hexproof grants protect key tribal pieces.,161,exact,
Tribal (Wizards),Protection,gives-indestructible,otag:gives-indestructible,Indestructible grants protect the board from wipes.,282,exact,
Tribal (Wizards),Synergy,creaturefall,otag:creaturefall,ETB-on-creature triggers common in go-wide tribal shells.,553,exact,
Tribal (Zombies),Core Mechanic,typal-zombie,otag:typal-zombie,Cards that care about Zombie creatures.,125,exact,
Tribal (Zombies),Tutor/Selection,tutor-creature-zombie,otag:tutor-creature-zombie,Tutors that specifically fetch Zombie cards.,1,exact,
Tribal (Zombies),Tutor/Selection,impulse-creature-zombie,otag:impulse-creature-zombie,Impulse-draw effects that can hit Zombie cards.,1,exact,
Tribal (Zombies),Core Mechanic,anthem,otag:anthem,Lords and anthems that buff your creature type (Scryfall alias: lord).,469,exact,
Tribal (Zombies),Core Mechanic,typal-creature,otag:typal-creature,Cards that care about creature types in general.,0,exact,
Tribal (Zombies),Payoff,warlord,otag:warlord,Power/toughness equal to creature count — classic tribal finisher shape.,71,exact,
Tribal (Zombies),Enabler,changeling,otag:changeling,All-creature-types enablers that count for every typal payoff.,53,exact,
Tribal (Zombies),Tutor/Selection,tutor,otag:tutor,Generic tutors; combine with t:creature type filters in search.,0,exact,
Tribal (Zombies),Combat,gives-haste,otag:gives-haste,Haste enablers so tribal boards can attack immediately.,628,exact,
Tribal (Zombies),Combat,evasion,otag:evasion,Evasion keywords that help tribal armies connect.,4573,exact,
Tribal (Zombies),Protection,gives-hexproof,otag:gives-hexproof,Hexproof grants protect key tribal pieces.,161,exact,
Tribal (Zombies),Protection,gives-indestructible,otag:gives-indestructible,Indestructible grants protect the board from wipes.,282,exact,
Tribal (Zombies),Synergy,creaturefall,otag:creaturefall,ETB-on-creature triggers common in go-wide tribal shells.,553,exact,
Tribal (Angels),Core Mechanic,typal-angel,otag:typal-angel,Cards that care about Angel creatures.,21,exact,
Tribal (Angels),Tutor/Selection,impulse-creature-angel,otag:impulse-creature-angel,Impulse-draw effects that can hit Angel cards.,1,exact,
Tribal (Angels),Core Mechanic,anthem,otag:anthem,Lords and anthems that buff your creature type (Scryfall alias: lord).,469,exact,
Tribal (Angels),Core Mechanic,typal-creature,otag:typal-creature,Cards that care about creature types in general.,0,exact,
Tribal (Angels),Payoff,warlord,otag:warlord,Power/toughness equal to creature count — classic tribal finisher shape.,71,exact,
Tribal (Angels),Enabler,changeling,otag:changeling,All-creature-types enablers that count for every typal payoff.,53,exact,
Tribal (Angels),Tutor/Selection,tutor,otag:tutor,Generic tutors; combine with t:creature type filters in search.,0,exact,
Tribal (Angels),Combat,gives-haste,otag:gives-haste,Haste enablers so tribal boards can attack immediately.,628,exact,
Tribal (Angels),Combat,evasion,otag:evasion,Evasion keywords that help tribal armies connect.,4573,exact,
Tribal (Angels),Protection,gives-hexproof,otag:gives-hexproof,Hexproof grants protect key tribal pieces.,161,exact,
Tribal (Angels),Protection,gives-indestructible,otag:gives-indestructible,Indestructible grants protect the board from wipes.,282,exact,
Tribal (Angels),Synergy,creaturefall,otag:creaturefall,ETB-on-creature triggers common in go-wide tribal shells.,553,exact,
Tribal (Demons),Core Mechanic,typal-demon,otag:typal-demon,Cards that care about Demon creatures.,30,exact,
Tribal (Demons),Tutor/Selection,tutor-creature-demon,otag:tutor-creature-demon,Tutors that specifically fetch Demon cards.,3,exact,
Tribal (Demons),Tutor/Selection,impulse-creature-demon,otag:impulse-creature-demon,Impulse-draw effects that can hit Demon cards.,1,exact,
Tribal (Demons),Core Mechanic,anthem,otag:anthem,Lords and anthems that buff your creature type (Scryfall alias: lord).,469,exact,
Tribal (Demons),Core Mechanic,typal-creature,otag:typal-creature,Cards that care about creature types in general.,0,exact,
Tribal (Demons),Payoff,warlord,otag:warlord,Power/toughness equal to creature count — classic tribal finisher shape.,71,exact,
Tribal (Demons),Enabler,changeling,otag:changeling,All-creature-types enablers that count for every typal payoff.,53,exact,
Tribal (Demons),Tutor/Selection,tutor,otag:tutor,Generic tutors; combine with t:creature type filters in search.,0,exact,
Tribal (Demons),Combat,gives-haste,otag:gives-haste,Haste enablers so tribal boards can attack immediately.,628,exact,
Tribal (Demons),Combat,evasion,otag:evasion,Evasion keywords that help tribal armies connect.,4573,exact,
Tribal (Demons),Protection,gives-hexproof,otag:gives-hexproof,Hexproof grants protect key tribal pieces.,161,exact,
Tribal (Demons),Protection,gives-indestructible,otag:gives-indestructible,Indestructible grants protect the board from wipes.,282,exact,
Tribal (Demons),Synergy,creaturefall,otag:creaturefall,ETB-on-creature triggers common in go-wide tribal shells.,553,exact,
Tribal (Cats),Core Mechanic,typal-cat,otag:typal-cat,Cards that care about Cat creatures.,23,exact,
Tribal (Cats),Payoff,affinity-for-cats,otag:affinity-for-cats,Cost reduction / affinity for Cats.,1,exact,
Tribal (Cats),Core Mechanic,anthem,otag:anthem,Lords and anthems that buff your creature type (Scryfall alias: lord).,469,exact,
Tribal (Cats),Core Mechanic,typal-creature,otag:typal-creature,Cards that care about creature types in general.,0,exact,
Tribal (Cats),Payoff,warlord,otag:warlord,Power/toughness equal to creature count — classic tribal finisher shape.,71,exact,
Tribal (Cats),Enabler,changeling,otag:changeling,All-creature-types enablers that count for every typal payoff.,53,exact,
Tribal (Cats),Tutor/Selection,tutor,otag:tutor,Generic tutors; combine with t:creature type filters in search.,0,exact,
Tribal (Cats),Combat,gives-haste,otag:gives-haste,Haste enablers so tribal boards can attack immediately.,628,exact,
Tribal (Cats),Combat,evasion,otag:evasion,Evasion keywords that help tribal armies connect.,4573,exact,
Tribal (Cats),Protection,gives-hexproof,otag:gives-hexproof,Hexproof grants protect key tribal pieces.,161,exact,
Tribal (Cats),Protection,gives-indestructible,otag:gives-indestructible,Indestructible grants protect the board from wipes.,282,exact,
Tribal (Cats),Synergy,creaturefall,otag:creaturefall,ETB-on-creature triggers common in go-wide tribal shells.,553,exact,
Tribal (Rats),Core Mechanic,typal-rat,otag:typal-rat,Cards that care about Rat creatures.,38,exact,
Tribal (Rats),Tutor/Selection,tutor-creature-rat,otag:tutor-creature-rat,Tutors that specifically fetch Rat cards.,1,exact,
Tribal (Rats),Tutor/Selection,impulse-creature-rat,otag:impulse-creature-rat,Impulse-draw effects that can hit Rat cards.,1,exact,
Tribal (Rats),Tutor/Selection,seek-creature-rat,otag:seek-creature-rat,Seek effects that find Rat cards.,1,exact,
Tribal (Rats),Core Mechanic,anthem,otag:anthem,Lords and anthems that buff your creature type (Scryfall alias: lord).,469,exact,
Tribal (Rats),Core Mechanic,typal-creature,otag:typal-creature,Cards that care about creature types in general.,0,exact,
Tribal (Rats),Payoff,warlord,otag:warlord,Power/toughness equal to creature count — classic tribal finisher shape.,71,exact,
Tribal (Rats),Enabler,changeling,otag:changeling,All-creature-types enablers that count for every typal payoff.,53,exact,
Tribal (Rats),Tutor/Selection,tutor,otag:tutor,Generic tutors; combine with t:creature type filters in search.,0,exact,
Tribal (Rats),Combat,gives-haste,otag:gives-haste,Haste enablers so tribal boards can attack immediately.,628,exact,
Tribal (Rats),Combat,evasion,otag:evasion,Evasion keywords that help tribal armies connect.,4573,exact,
Tribal (Rats),Protection,gives-hexproof,otag:gives-hexproof,Hexproof grants protect key tribal pieces.,161,exact,
Tribal (Rats),Protection,gives-indestructible,otag:gives-indestructible,Indestructible grants protect the board from wipes.,282,exact,
Tribal (Rats),Synergy,creaturefall,otag:creaturefall,ETB-on-creature triggers common in go-wide tribal shells.,553,exact,
Tribal (Pirates),Core Mechanic,typal-pirate,otag:typal-pirate,Cards that care about Pirate creatures.,48,exact,
Tribal (Pirates),Tutor/Selection,tutor-creature-pirate,otag:tutor-creature-pirate,Tutors that specifically fetch Pirate cards.,1,exact,
Tribal (Pirates),Tutor/Selection,impulse-creature-pirate,otag:impulse-creature-pirate,Impulse-draw effects that can hit Pirate cards.,1,exact,
Tribal (Pirates),Tutor/Selection,seek-creature-pirate,otag:seek-creature-pirate,Seek effects that find Pirate cards.,1,exact,
Tribal (Pirates),Core Mechanic,anthem,otag:anthem,Lords and anthems that buff your creature type (Scryfall alias: lord).,469,exact,
Tribal (Pirates),Core Mechanic,typal-creature,otag:typal-creature,Cards that care about creature types in general.,0,exact,
Tribal (Pirates),Payoff,warlord,otag:warlord,Power/toughness equal to creature count — classic tribal finisher shape.,71,exact,
Tribal (Pirates),Enabler,changeling,otag:changeling,All-creature-types enablers that count for every typal payoff.,53,exact,
Tribal (Pirates),Tutor/Selection,tutor,otag:tutor,Generic tutors; combine with t:creature type filters in search.,0,exact,
Tribal (Pirates),Combat,gives-haste,otag:gives-haste,Haste enablers so tribal boards can attack immediately.,628,exact,
Tribal (Pirates),Combat,evasion,otag:evasion,Evasion keywords that help tribal armies connect.,4573,exact,
Tribal (Pirates),Protection,gives-hexproof,otag:gives-hexproof,Hexproof grants protect key tribal pieces.,161,exact,
Tribal (Pirates),Protection,gives-indestructible,otag:gives-indestructible,Indestructible grants protect the board from wipes.,282,exact,
Tribal (Pirates),Synergy,creaturefall,otag:creaturefall,ETB-on-creature triggers common in go-wide tribal shells.,553,exact,
Tribal (Dinosaurs),Core Mechanic,typal-dinosaur,otag:typal-dinosaur,Cards that care about Dinosaur creatures.,63,exact,
Tribal (Dinosaurs),Tutor/Selection,tutor-creature-dinosaur,otag:tutor-creature-dinosaur,Tutors that specifically fetch Dinosaur cards.,4,exact,
Tribal (Dinosaurs),Tutor/Selection,impulse-creature-dinosaur,otag:impulse-creature-dinosaur,Impulse-draw effects that can hit Dinosaur cards.,1,exact,
Tribal (Dinosaurs),Core Mechanic,anthem,otag:anthem,Lords and anthems that buff your creature type (Scryfall alias: lord).,469,exact,
Tribal (Dinosaurs),Core Mechanic,typal-creature,otag:typal-creature,Cards that care about creature types in general.,0,exact,
Tribal (Dinosaurs),Payoff,warlord,otag:warlord,Power/toughness equal to creature count — classic tribal finisher shape.,71,exact,
Tribal (Dinosaurs),Enabler,changeling,otag:changeling,All-creature-types enablers that count for every typal payoff.,53,exact,
Tribal (Dinosaurs),Tutor/Selection,tutor,otag:tutor,Generic tutors; combine with t:creature type filters in search.,0,exact,
Tribal (Dinosaurs),Combat,gives-haste,otag:gives-haste,Haste enablers so tribal boards can attack immediately.,628,exact,
Tribal (Dinosaurs),Combat,evasion,otag:evasion,Evasion keywords that help tribal armies connect.,4573,exact,
Tribal (Dinosaurs),Protection,gives-hexproof,otag:gives-hexproof,Hexproof grants protect key tribal pieces.,161,exact,
Tribal (Dinosaurs),Protection,gives-indestructible,otag:gives-indestructible,Indestructible grants protect the board from wipes.,282,exact,
Tribal (Dinosaurs),Synergy,creaturefall,otag:creaturefall,ETB-on-creature triggers common in go-wide tribal shells.,553,exact,
